"Code SI";"Lat";"Lon";"Région";"Département";"Commune";"Code INSEE";"2Gvoix";"3Gvoix";"3Gdata";"4Gdata";"5Gdata";"voix";"data";"raison";"détail";"début";"fin"
"SI013474";"45,74531";"4,71809";"Auvergne-Rhône-Alpes";"Rhône";"CRAPONNE";"69069";"NE";"HS";"HS";"HS";"HS";"HS";"HS";"MAINT";"Maintenance en cours";"2026-10-02 07:00:00";"2026-10-02 17:00:00"
"SI013633";"45,34811";"5,56628";"Auvergne-Rhône-Alpes";"Isère";"MOIRANS";"38239";"HS";"OK";"OK";"OK";"OK";"DE";"OK";"INT";"Incident en cours";"2026-09-30 01:25:19";"2026-10-10 02:30:33"
"SI014473";"45,88700";"4,36403";"Auvergne-Rhône-Alpes";"Rhône";"JOUX";"69102";"HS";"OK";"OK";"OK";"OK";"DE";"OK";"INT";"Incident en cours";"2026-09-30 06:20:36";"2026-10-05 12:20:42"
"SI014556";"46,10549";"4,74015";"Auvergne-Rhône-Alpes";"Rhône";"BELLEVILLE-EN-BEAUJOLAIS";"69019";"HS";"HS";"HS";"HS";"HS";"HS";"HS";"MAINT";"Maintenance en cours";"2026-10-02 09:00:00";"2026-10-02 19:00:00"
"SI015294";"47,27059";"4,98859";"Bourgogne-Franche-Comté";"Côte-d'Or";"MARSANNAY-LA-COTE";"21390";"HS";"OK";"OK";"OK";"OK";"DE";"OK";"INT";"Incident en cours";"2026-04-21 12:56:19";""
"SI015629";"47,15265";"6,35078";"Bourgogne-Franche-Comté";"Doubs";"VALDAHON";"25578";"OK";"OK";"OK";"HS";"HS";"OK";"DE";"INT";"Incident en cours";"2026-08-28 19:19:00";"2026-09-01 01:19:03"
"SI015667";"45,75808";"4,82540";"Auvergne-Rhône-Alpes";"Rhône";"LYON 5E ARRONDISSEMENT";"69385";"HS";"HS";"HS";"OK";"OK";"HS";"DE";"INT";"Incident en cours";"2026-09-29 12:11:08";"2026-10-04 18:11:10"
"SI015852";"45,70459";"4,87841";"Auvergne-Rhône-Alpes";"Rhône";"VENISSIEUX";"69259";"HS";"HS";"HS";"OK";"OK";"HS";"DE";"INT";"Incident en cours";"2026-09-30 21:17:23";"2026-10-06 03:17:25"
"SI015984";"45,82738";"4,74711";"Auvergne-Rhône-Alpes";"Rhône";"DARDILLY";"69072";"NE";"OK";"OK";"HS";"HS";"OK";"DE";"INT";"Incident en cours";"2026-09-11 17:49:14";"2026-10-09 23:59:59"
"SI016835";"45,65796";"3,72310";"Auvergne-Rhône-Alpes";"Puy-de-Dôme";"VERTOLAYE";"63454";"OK";"OK";"OK";"HS";"HS";"OK";"DE";"INT";"Incident en cours";"2026-09-09 14:39:26";"2026-09-10 14:38:56"
"SI017170";"46,67819";"5,52946";"Bourgogne-Franche-Comté";"Jura";"MONTMOROT";"39362";"HS";"HS";"HS";"HS";"HS";"HS";"HS";"INT";"Incident en cours";"2026-08-28 19:19:00";"2026-09-01 01:19:03"
"SI017171";"47,12598";"4,06101";"Bourgogne-Franche-Comté";"Nièvre";"PLANCHEZ";"58210";"HS";"OK";"OK";"OK";"NE";"DE";"OK";"INT";"Incident en cours";"2026-08-18 13:39:21";""
"SI017953";"45,76606";"4,88039";"Auvergne-Rhône-Alpes";"Rhône";"VILLEURBANNE";"69266";"HS";"OK";"OK";"HS";"HS";"DE";"DE";"INT";"Incident en cours";"2026-10-01 17:08:48";"2026-10-06 23:08:50"
"SI023922";"49,30698";" -0,03838";"Normandie";"Calvados";"GONNEVILLE-SUR-MER";"14305";"NE";"HS";"HS";"HS";"HS";"HS";"HS";"INT";"Incident en cours";"2026-09-29 16:10:14";"2026-10-04 22:10:17"
"SI029298";"48,78117";"2,22077";"Ile-de-France";"Yvelines";"VELIZY-VILLACOUBLAY";"78640";"HS";"OK";"OK";"OK";"OK";"DE";"OK";"INT";"Incident en cours";"2026-09-26 14:39:18";""
"SI029609";"48,77123";"2,40844";"Ile-de-France";"Val-de-Marne";"CHOISY-LE-ROI";"94022";"NE";"HS";"HS";"HS";"HS";"HS";"HS";"INT";"Incident en cours";"2026-09-04 00:39:48";"2026-10-09 23:59:59"
"SI029639";"48,83980";"2,35545";"Ile-de-France";"Paris";"PARIS--5E--ARRONDISSEMENT";"75105";"HS";"HS";"HS";"HS";"HS";"HS";"HS";"INT";"Incident en cours";"2026-09-24 16:55:22";"2026-10-08 23:59:59"
"SI029706";"48,83142";"2,38863";"Ile-de-France";"Paris";"PARIS-12E--ARRONDISSEMENT";"75112";"HS";"HS";"HS";"OK";"OK";"HS";"DE";"INT";"Incident en cours";"2024-01-30 00:58:34";"2026-10-30 23:59:59"
"SI029920";"48,95854";"2,86782";"Ile-de-France";"Seine-et-Marne";"MEAUX";"77284";"NE";"HS";"HS";"OK";"NE";"HS";"DE";"INT";"Incident en cours";"2026-07-13 12:14:45";"2026-12-31 15:19:24"
"SI030245";"48,87520";"2,40197";"Ile-de-France";"Paris";"PARIS-20E--ARRONDISSEMENT";"75120";"HS";"OK";"OK";"OK";"OK";"DE";"OK";"INT";"Incident en cours";"2026-09-30 19:22:17";"2026-10-06 01:22:18"
"SI030263";"49,50914";"0,15198";"Normandie";"Seine-Maritime";"LE HAVRE";"76351";"NE";"HS";"HS";"HS";"HS";"HS";"HS";"MAINT";"Maintenance en cours";"2026-10-02 08:00:00";"2026-10-02 18:00:00"
"SI030564";"48,82944";"2,33638";"Ile-de-France";"Paris";"PARIS-14E--ARRONDISSEMENT";"75114";"HS";"HS";"HS";"OK";"OK";"HS";"DE";"INT";"Incident en cours";"2026-09-16 08:32:41";"2026-10-09 23:59:59"
"SI030620";"48,90608";"2,05639";"Ile-de-France";"Yvelines";"SAINT-GERMAIN-EN-LAYE";"78551";"OK";"HS";"HS";"OK";"NE";"DE";"DE";"INT";"Incident en cours";"2026-09-28 08:29:20";"2026-10-08 23:59:59"
"SI030924";"46,82838";"1,71194";"Centre-Val de Loire";"Indre";"DEOLS";"36063";"OK";"HS";"HS";"OK";"OK";"DE";"DE";"INT";"Incident en cours";"2026-08-20 02:31:05";"2026-11-13 02:31:07"
"SI031011";"48,83111";"2,31119";"Ile-de-France";"Paris";"PARIS-14E--ARRONDISSEMENT";"75114";"HS";"HS";"HS";"OK";"OK";"HS";"DE";"INT";"Incident en cours";"2026-09-14 16:24:47";"2026-10-08 23:59:59"
"SI031434";"48,68727";"2,48621";"Ile-de-France";"Essonne";"BRUNOY";"91114";"HS";"HS";"HS";"HS";"NE";"HS";"HS";"INT";"Incident en cours";"2026-08-04 21:51:23";"2026-12-31 23:59:59"
"SI031451";"48,97124";"2,51940";"Ile-de-France";"Seine-St-Denis";"VILLEPINTE";"93078";"NE";"OK";"OK";"HS";"HS";"OK";"DE";"INT";"Incident en cours";"2026-08-01 16:37:00";"2026-10-05 23:59:59"
"SI031879";"48,86303";"2,38899";"Ile-de-France";"Paris";"PARIS-20E--ARRONDISSEMENT";"75120";"NE";"HS";"HS";"OK";"OK";"HS";"DE";"INT";"Incident en cours";"2026-07-14 22:09:54";"2026-10-30 23:59:59"
"SI032365";"49,00895";"2,56306";"Ile-de-France";"Seine-St-Denis";"ZONE-AEROPORTUAIRE-ROISSY-CHARLES-DE-GAULLE";"93999";"HS";"OK";"OK";"OK";"OK";"DE";"OK";"INT";"Incident en cours";"2026-08-18 12:09:22";"2026-10-09 23:59:59"
"SI032400";"48,87019";"2,31179";"Ile-de-France";"Paris";"PARIS--8E--ARRONDISSEMENT";"75108";"OK";"HS";"HS";"OK";"OK";"DE";"DE";"INT";"Incident en cours";"2021-03-29 16:02:12";"2021-04-18 05:00:54"
"SI032433";"48,88314";"2,34748";"Ile-de-France";"Paris";"PARIS--9E--ARRONDISSEMENT";"75109";"OK";"OK";"OK";"OK";"HS";"OK";"DE";"MAINT";"Maintenance en cours";"2026-10-02 08:00:00";"2026-10-02 16:00:00"
"SI032748";"48,83046";"2,35497";"Ile-de-France";"Paris";"PARIS-13E--ARRONDISSEMENT";"75113";"OK";"HS";"HS";"OK";"NE";"DE";"DE";"INT";"Incident en cours";"2026-05-05 19:49:22";"2026-10-12 23:59:59"
"SI032900";"48,84904";"2,40615";"Ile-de-France";"Paris";"PARIS-20E--ARRONDISSEMENT";"75120";"HS";"HS";"HS";"OK";"OK";"HS";"DE";"INT";"Incident en cours";"2026-02-06 20:43:26";"2026-10-28 23:59:59"
"SI033055";"48,86546";"2,39311";"Ile-de-France";"Paris";"PARIS-20E--ARRONDISSEMENT";"75120";"NE";"HS";"HS";"OK";"OK";"HS";"DE";"INT";"Incident en cours";"2026-08-05 19:13:52";"2026-10-07 23:59:59"
"SI033086";"48,87166";"2,36822";"Ile-de-France";"Paris";"PARIS-10E--ARRONDISSEMENT";"75110";"HS";"OK";"OK";"OK";"OK";"DE";"OK";"INT";"Incident en cours";"2026-06-17 18:09:24";"2026-10-30 23:59:59"
"SI033175";"48,87259";"2,38689";"Ile-de-France";"Paris";"PARIS-20E--ARRONDISSEMENT";"75120";"HS";"HS";"HS";"OK";"OK";"HS";"DE";"INT";"Incident en cours";"2026-08-11 20:33:53";"2026-10-14 23:59:59"
"SI033229";"48,87945";"2,39394";"Ile-de-France";"Paris";"PARIS-19E--ARRONDISSEMENT";"75119";"HS";"OK";"OK";"OK";"NE";"DE";"OK";"INT";"Incident en cours";"2026-05-27 13:01:46";"2026-10-14 23:59:59"
"SI033307";"48,95015";"2,26769";"Ile-de-France";"Val-D'Oise";"ARGENTEUIL";"95018";"OK";"HS";"HS";"OK";"OK";"DE";"DE";"INT";"Incident en cours";"2026-10-01 13:06:53";"2026-10-06 19:06:56"
"SI033512";"48,84908";"2,55663";"Ile-de-France";"Seine-St-Denis";"NOISY-LE-GRAND";"93051";"OK";"OK";"OK";"HS";"HS";"OK";"DE";"INT";"Incident en cours";"2026-09-06 19:36:14";"2026-10-14 23:59:59"
"SI033837";"48,77778";"2,24526";"Ile-de-France";"Hauts-de-Seine";"LE PLESSIS-ROBINSON";"92060";"HS";"HS";"HS";"OK";"NE";"HS";"DE";"INT";"Incident en cours";"2026-09-10 16:00:28";"2026-10-13 23:59:59"
"SI033959";"48,64431";"2,54603";"Ile-de-France";"Seine-et-Marne";"LIEUSAINT";"77251";"HS";"HS";"HS";"HS";"HS";"HS";"HS";"INT";"Incident en cours";"2026-10-01 05:47:42";"2026-10-09 11:47:43"
"SI034531";"48,64795";"2,25474";"Ile-de-France";"Essonne";"MONTLHERY";"91425";"OK";"OK";"OK";"HS";"HS";"OK";"DE";"INT";"Incident en cours";"2026-09-24 17:29:07";"2026-09-29 23:31:02"
"SI035409";"48,76248";"2,66892";"Ile-de-France";"Seine-et-Marne";"OZOIR-LA-FERRIERE";"77350";"HS";"HS";"HS";"HS";"HS";"HS";"HS";"INT";"Incident en cours";"2026-09-16 15:12:41";"2026-10-26 23:59:59"
"SI035812";"48,96106";"2,38700";"Ile-de-France";"Seine-St-Denis";"STAINS";"93072";"HS";"OK";"OK";"OK";"OK";"DE";"OK";"INT";"Incident en cours";"2026-08-26 09:53:54";"2026-10-26 23:59:59"
"SI035930";"48,80063";"2,56009";"Ile-de-France";"Val-de-Marne";"CHENNEVIERES-SUR-MARNE";"94019";"OK";"OK";"OK";"HS";"HS";"OK";"DE";"INT";"Incident en cours";"2026-08-02 17:01:25";"2026-10-09 23:59:59"
"SI036299";"48,97490";"2,38688";"Ile-de-France";"Val-D'Oise";"SARCELLES";"95585";"HS";"HS";"HS";"OK";"OK";"HS";"DE";"INT";"Incident en cours";"2026-09-30 19:44:46";"2026-10-06 01:44:47"
"SI036411";"48,89234";"2,34639";"Ile-de-France";"Paris";"PARIS-18E--ARRONDISSEMENT";"75118";"HS";"OK";"OK";"OK";"NE";"DE";"OK";"INT";"Incident en cours";"2026-09-16 10:39:09";"2026-11-30 23:59:00"
"SI040590";"47,88662";"1,90518";"Centre-Val de Loire";"Loiret";"ORLEANS";"45234";"NE";"HS";"HS";"HS";"HS";"HS";"HS";"MAINT";"Maintenance en cours";"2026-10-02 07:30:00";"2026-10-02 17:30:00"
"SI054203";"43,76540";"7,31887";"Provence-Alpes-Côte d'Azur";"Alpes-Maritimes";"CANTARON";"06031";"HS";"HS";"HS";"HS";"HS";"HS";"HS";"MAINT";"Maintenance en cours";"2026-10-02 08:00:00";"2026-10-02 17:30:00"
"SI054206";"43,48847";"6,49423";"Provence-Alpes-Côte d'Azur";"Var";"TRANS-EN-PROVENCE";"83141";"HS";"OK";"OK";"OK";"NE";"DE";"OK";"INT";"Incident en cours";"2026-10-01 14:02:17";"2026-10-06 20:05:29"
"SI054317";"43,41219";"5,01916";"Provence-Alpes-Côte d'Azur";"Bouches-du-Rhône";"MARTIGUES";"13056";"HS";"OK";"OK";"OK";"OK";"DE";"OK";"INT";"Incident en cours";"2026-10-01 17:14:40";"2026-10-11 17:16:31"
"SI054385";"43,30667";"5,37149";"Provence-Alpes-Côte d'Azur";"Bouches-du-Rhône";"MARSEILLE 2E ARRONDISSEMENT";"13202";"HS";"OK";"OK";"OK";"OK";"DE";"OK";"INT";"Incident en cours";"2020-12-10 17:58:10";"2026-10-08 23:59:59"
"SI054542";"43,28620";"5,37529";"Provence-Alpes-Côte d'Azur";"Bouches-du-Rhône";"MARSEILLE 6E ARRONDISSEMENT";"13206";"HS";"HS";"HS";"HS";"HS";"HS";"HS";"MAINT";"Maintenance en cours";"2026-10-02 08:00:00";"2026-10-02 17:30:00"
"SI054712";"43,10000";"6,05945";"Provence-Alpes-Côte d'Azur";"Var";"CARQUEIRANNE";"83034";"HS";"HS";"HS";"OK";"OK";"HS";"DE";"INT";"Incident en cours";"2026-09-05 21:48:48";"2026-10-15 23:59:59"
"SI054746";"43,66103";"7,20585";"Provence-Alpes-Côte d'Azur";"Alpes-Maritimes";"NICE";"06088";"HS";"HS";"HS";"OK";"NE";"HS";"DE";"INT";"Incident en cours";"2025-11-21 15:48:06";"2026-10-12 23:59:59"
"SI054791";"43,27883";"5,60987";"Provence-Alpes-Côte d'Azur";"Bouches-du-Rhône";"GEMENOS";"13042";"HS";"OK";"OK";"OK";"OK";"DE";"OK";"INT";"Incident en cours";"2026-09-12 20:13:04";"2026-10-06 23:59:59"
"SI054878";"43,61971";"3,87407";"Occitanie";"Hérault";"MONTPELLIER";"34172";"HS";"HS";"HS";"HS";"HS";"HS";"HS";"MAINT";"Maintenance en cours";"2026-10-02 07:00:00";"2026-10-02 16:00:00"
"SI054934";"43,61064";"3,85744";"Occitanie";"Hérault";"MONTPELLIER";"34172";"HS";"HS";"HS";"HS";"HS";"HS";"HS";"INT";"Incident en cours";"2026-05-23 14:44:15";"2026-10-02 23:59:59"
"SI055245";"43,46445";"3,69539";"Occitanie";"Hérault";"BALARUC-LE-VIEUX";"34024";"HS";"HS";"HS";"OK";"OK";"HS";"DE";"INT";"Incident en cours";"2026-10-01 00:32:30";"2026-10-11 00:32:31"
"SI055394";"43,63324";"3,93437";"Occitanie";"Hérault";"CASTELNAU-LE-LEZ";"34057";"HS";"HS";"HS";"HS";"HS";"HS";"HS";"MAINT";"Maintenance en cours";"2026-10-02 08:00:00";"2026-10-02 17:30:00"
"SI055409";"43,85059";"4,98539";"Provence-Alpes-Côte d'Azur";"Bouches-du-Rhône";"CABANNES";"13018";"HS";"HS";"HS";"HS";"HS";"HS";"HS";"INT";"Incident en cours";"2026-09-28 16:21:30";"2026-10-03 22:24:32"
"SI055616";"43,10626";"3,09018";"Occitanie";"Aude";"GRUISSAN";"11170";"HS";"HS";"HS";"HS";"NE";"HS";"HS";"MAINT";"Maintenance en cours";"2026-10-02 08:00:00";"2026-10-02 17:30:00"
"SI055960";"43,77257";"5,10009";"Provence-Alpes-Côte d'Azur";"Vaucluse";"CHEVAL-BLANC";"84038";"OK";"HS";"HS";"OK";"OK";"DE";"DE";"INT";"Incident en cours";"2023-03-14 11:33:46";"2023-04-15 14:56:33"
"SI056051";"43,21106";"5,35605";"Provence-Alpes-Côte d'Azur";"Bouches-du-Rhône";"MARSEILLE 8E ARRONDISSEMENT";"13208";"OK";"HS";"HS";"OK";"NE";"DE";"DE";"INT";"Incident en cours";"2026-09-29 12:05:11";"2026-10-04 18:05:14"
"SI056068";"43,28913";"5,38868";"Provence-Alpes-Côte d'Azur";"Bouches-du-Rhône";"MARSEILLE 6E ARRONDISSEMENT";"13206";"HS";"HS";"HS";"HS";"HS";"HS";"HS";"MAINT";"Maintenance en cours";"2026-10-02 08:00:00";"2026-10-02 17:30:00"
"SI056079";"43,29458";"5,38568";"Provence-Alpes-Côte d'Azur";"Bouches-du-Rhône";"MARSEILLE 1ER ARRONDISSEMENT";"13201";"HS";"OK";"OK";"OK";"OK";"DE";"OK";"INT";"Incident en cours";"2026-09-16 16:43:25";"2026-10-05 23:59:59"
"SI056597";"43,70810";"7,29235";"Provence-Alpes-Côte d'Azur";"Alpes-Maritimes";"NICE";"06088";"HS";"HS";"HS";"HS";"HS";"HS";"HS";"INT";"Incident en cours";"2026-09-29 15:48:44";"2026-10-30 05:34:00"
"SI056608";"43,92838";"4,81247";"Provence-Alpes-Côte d'Azur";"Vaucluse";"AVIGNON";"84007";"HS";"OK";"OK";"OK";"OK";"DE";"OK";"INT";"Incident en cours";"2026-06-23 13:09:22";"2026-10-09 23:59:59"
"SI057107";"43,31049";"5,38048";"Provence-Alpes-Côte d'Azur";"Bouches-du-Rhône";"MARSEILLE 3E ARRONDISSEMENT";"13203";"HS";"HS";"HS";"HS";"NE";"HS";"HS";"INT";"Incident en cours";"2024-07-22 23:27:28";"2026-12-07 23:59:59"
"SI057155";"43,52946";"5,44336";"Provence-Alpes-Côte d'Azur";"Bouches-du-Rhône";"AIX-EN-PROVENCE";"13001";"HS";"OK";"OK";"OK";"OK";"DE";"OK";"INT";"Incident en cours";"2017-02-22 17:38:29";""
"SI057370";"42,90296";"2,69210";"Occitanie";"Aude";"TUCHAN";"11401";"HS";"OK";"OK";"OK";"OK";"DE";"OK";"INT";"Incident en cours";"2026-06-24 23:48:26";"2026-10-02 22:22:00"
"SI057555";"43,67066";"3,72891";"Occitanie";"Hérault";"VAILHAUQUES";"34320";"HS";"OK";"OK";"OK";"OK";"DE";"OK";"INT";"Incident en cours";"2026-09-30 12:43:24";"2026-10-05 18:43:25"
"SI057631";"43,62562";"3,83921";"Occitanie";"Hérault";"MONTPELLIER";"34172";"HS";"HS";"HS";"HS";"HS";"HS";"HS";"MAINT";"Maintenance en cours";"2026-10-02 08:00:00";"2026-10-02 18:00:00"
"SI058243";"43,93851";"4,90449";"Provence-Alpes-Côte d'Azur";"Vaucluse";"MORIERES-LES-AVIGNON";"84081";"HS";"HS";"HS";"OK";"OK";"HS";"DE";"INT";"Incident en cours";"2026-10-02 00:16:05";"2026-10-12 00:16:09"
"SI058320";"43,42429";"5,24054";"Provence-Alpes-Côte d'Azur";"Bouches-du-Rhône";"VITROLLES";"13117";"HS";"OK";"OK";"OK";"OK";"DE";"OK";"INT";"Incident en cours";"2026-09-30 22:46:08";"2026-10-10 22:46:09"
"SI060559";"47,72515";" -3,32966";"Bretagne";"Morbihan";"LOCMIQUELIC";"56118";"NE";"OK";"OK";"HS";"HS";"OK";"DE";"MAINT";"Maintenance en cours";"2026-10-02 08:00:00";"2026-10-02 16:00:00"
"SI060594";"44,62112";"6,63055";"Provence-Alpes-Côte d'Azur";"Hautes-Alpes";"RISOUL";"05119";"HS";"OK";"OK";"OK";"OK";"DE";"OK";"INT";"Incident en cours";"2026-07-23 02:06:28";"2026-10-09 23:59:59"
"SI061136";"48,27321";" -4,24746";"Bretagne";"Finistère";"ROSNOEN";"29240";"HS";"HS";"HS";"HS";"HS";"HS";"HS";"INT";"Incident en cours";"2026-03-28 06:00:49";"2026-12-29 23:59:59"
"SI068903";"44,79637";" -0,64809";"Nouvelle-Aquitaine";"Gironde";"PESSAC";"33318";"HS";"HS";"HS";"HS";"HS";"HS";"HS";"MAINT";"Maintenance en cours";"2026-10-02 08:00:00";"2026-10-02 17:30:00"
"SI068952";"43,60398";"1,43737";"Occitanie";"Haute-Garonne";"TOULOUSE";"31555";"OK";"HS";"HS";"OK";"OK";"DE";"DE";"INT";"Incident en cours";"2026-08-20 13:46:06";"2026-10-12 23:59:59"
"SI068964";"43,58016";"1,40947";"Occitanie";"Haute-Garonne";"TOULOUSE";"31555";"HS";"OK";"OK";"OK";"OK";"DE";"OK";"INT";"Incident en cours";"2026-09-05 22:53:50";"2026-10-15 23:59:59"
"SI069063";"43,64615";"1,42740";"Occitanie";"Haute-Garonne";"TOULOUSE";"31555";"HS";"HS";"HS";"HS";"HS";"HS";"HS";"INT";"Incident en cours";"2026-09-16 16:12:43";"2026-10-30 18:00:00"
"SI069426";"43,41823";" -1,60551";"Nouvelle-Aquitaine";"Pyrénées-Atlantiques";"GUETHARY";"64249";"HS";"HS";"HS";"OK";"OK";"HS";"DE";"INT";"Incident en cours";"2026-09-30 11:16:03";"2026-10-05 17:16:05"
"SI070363";"44,07718";"1,92625";"Occitanie";"Tarn";"LES CABANNES";"81045";"HS";"OK";"OK";"OK";"NE";"DE";"OK";"INT";"Incident en cours";"2026-10-01 09:21:29";"2026-10-02 22:00:00"
"SI081119";"47,20473";" -1,60584";"Pays de la Loire";"Loire-Atlantique";"NANTES";"44109";"HS";"HS";"HS";"HS";"HS";"HS";"HS";"MAINT";"Maintenance en cours";"2026-10-02 08:00:00";"2026-10-02 18:00:00"
"SI082254";"47,31085";" -3,22713";"Bretagne";"Morbihan";"BANGOR";"56009";"HS";"HS";"HS";"HS";"HS";"HS";"HS";"MAINT";"Maintenance en cours";"2026-10-02 08:00:00";"2026-10-02 18:00:00"
"SI082261";"47,28418";" -2,36416";"Pays de la Loire";"Loire-Atlantique";"LA BAULE-ESCOUBLAC";"44055";"NE";"HS";"HS";"OK";"NE";"HS";"DE";"INT";"Incident en cours";"2026-10-01 12:22:22";"2026-10-11 12:22:26"
"SI082361";"47,74307";" -3,39415";"Bretagne";"Morbihan";"LORIENT";"56121";"HS";"HS";"HS";"HS";"HS";"HS";"HS";"MAINT";"Maintenance en cours";"2026-10-02 08:00:00";"2026-10-02 17:00:00"
"SI082616";"47,21653";" -1,61198";"Pays de la Loire";"Loire-Atlantique";"SAINT-HERBLAIN";"44162";"HS";"HS";"HS";"HS";"HS";"HS";"HS";"MAINT";"Maintenance en cours";"2026-10-02 07:00:00";"2026-10-02 17:00:00"
"SI082681";"47,48683";" -0,53504";"Pays de la Loire";"Maine-et-Loire";"ANGERS";"49007";"HS";"HS";"HS";"HS";"HS";"HS";"HS";"MAINT";"Maintenance en cours";"2026-10-02 08:00:00";"2026-10-02 17:30:00"
"SI084289";"47,91308";" -1,58988";"Bretagne";"Ille-et-Vilaine";"SAULNIERES";"35321";"NE";"HS";"HS";"OK";"OK";"HS";"DE";"INT";"Incident en cours";"2026-09-01 10:57:45";""
"SI086408";"48,94759";"2,48413";"Ile-de-France";"Seine-St-Denis";"AULNAY-SOUS-BOIS";"93005";"NE";"HS";"HS";"OK";"OK";"HS";"DE";"INT";"Incident en cours";"2026-09-17 16:20:02";"2026-10-27 23:59:59"
"SI092479";"50,35881";"3,53866";"Hauts-de-France";"Nord";"VALENCIENNES";"59606";"HS";"HS";"HS";"HS";"HS";"HS";"HS";"MAINT";"Maintenance en cours";"2026-10-02 07:00:00";"2026-10-02 17:00:00"
"SI093055";"49,57420";"3,89583";"Hauts-de-France";"Aisne";"SISSONNE";"02720";"HS";"OK";"OK";"OK";"OK";"DE";"OK";"INT";"Incident en cours";"2026-08-15 14:59:53";"2026-08-16 07:45:00"
"SI093456";"50,27823";"2,27578";"Hauts-de-France";"Pas-de-Calais";"FREVENT";"62361";"HS";"HS";"HS";"HS";"NE";"HS";"HS";"INT";"Incident en cours";"2026-09-21 10:47:47";"2026-10-02 22:00:00"
"SI094342";"50,36806";"3,49282";"Hauts-de-France";"Nord";"ANZIN";"59014";"OK";"HS";"HS";"OK";"OK";"DE";"DE";"INT";"Incident en cours";"2026-09-29 12:40:46";"2026-10-09 15:49:47"
"SI098686";"48,67160";"7,78135";"Grand Est";"Bas-Rhin";"HORDT";"67205";"HS";"HS";"HS";"OK";"NE";"HS";"DE";"INT";"Incident en cours";"2026-09-09 18:15:45";"2026-10-19 22:00:00"
"SI102195";"43,75163";"5,89058";"Provence-Alpes-Côte d'Azur";"Alpes-de-Haute-Provence";"GREOUX-LES-BAINS";"04094";"NE";"HS";"HS";"HS";"HS";"HS";"HS";"MAINT";"Maintenance en cours";"2026-10-02 08:00:00";"2026-10-02 17:30:00"
"SI102792";"48,74540";" -0,55319";"Normandie";"Orne";"FLERS";"61169";"NE";"HS";"HS";"HS";"HS";"HS";"HS";"INT";"Incident en cours";"2026-02-17 18:48:24";"2026-10-12 23:59:59"
"SI104214";"48,70296";"6,15817";"Grand Est";"Meurthe-et-Moselle";"NANCY";"54395";"HS";"HS";"HS";"HS";"HS";"HS";"HS";"INT";"Incident en cours";"2026-09-15 09:15:20";"2026-10-20 23:59:59"
"SI104214";"48,70296";"6,15817";"Grand Est";"Meurthe-et-Moselle";"NANCY";"54395";"HS";"HS";"HS";"HS";"HS";"HS";"HS";"MAINT";"Maintenance en cours";"2026-10-02 07:30:00";"2026-10-02 17:30:00"
"SI109262";"45,70538";"4,80878";"Auvergne-Rhône-Alpes";"Rhône";"OULLINS-PIERRE-BENITE";"69149";"HS";"OK";"OK";"OK";"NE";"DE";"OK";"INT";"Incident en cours";"2026-08-17 16:37:15";"2026-10-12 23:59:59"
"SI123096";"44,94982";"0,05971";"Nouvelle-Aquitaine";"Dordogne";"CARSAC-DE-GURSON";"24083";"NE";"HS";"HS";"OK";"OK";"HS";"DE";"INT";"Incident en cours";"2026-10-01 08:06:58";"2026-10-09 22:00:00"
"SI123966";"43,80304";"4,65751";"Provence-Alpes-Côte d'Azur";"Bouches-du-Rhône";"TARASCON";"13108";"HS";"OK";"OK";"OK";"OK";"DE";"OK";"INT";"Incident en cours";"2026-09-30 05:48:20";"2026-10-05 11:48:21"
"SI124237";"47,20362";"0,19687";"Centre-Val de Loire";"Indre-et-Loire";"BEAUMONT-EN-VERON";"37022";"NE";"HS";"HS";"HS";"HS";"HS";"HS";"INT";"Incident en cours";"2026-09-27 21:32:54";"2026-10-03 03:32:58"
"SI132801";"48,04722";"0,58611";"Pays de la Loire";"Sarthe";"DOLLON";"72118";"NE";"HS";"HS";"OK";"OK";"HS";"DE";"INT";"Incident en cours";"2026-09-29 16:13:14";"2026-10-09 19:34:43"
"SI132834";"43,69032";"4,08667";"Occitanie";"Hérault";"LUNEL-VIEL";"34146";"NE";"HS";"HS";"OK";"OK";"HS";"DE";"INT";"Incident en cours";"2026-09-30 13:23:17";"2026-10-10 13:23:18"
"SI140139";"47,67488";"6,85034";"Bourgogne-Franche-Comté";"Territoire de Belfort";"VALDOIE";"90099";"HS";"HS";"HS";"HS";"HS";"HS";"HS";"INT";"Incident en cours";"2026-09-16 04:29:55";"2026-10-16 08:35:47"
"SI142101";"48,93046";"2,45406";"Ile-de-France";"Seine-St-Denis";"DRANCY";"93029";"HS";"HS";"HS";"OK";"OK";"HS";"DE";"INT";"Incident en cours";"2026-09-29 16:55:47";"2026-10-09 16:58:29"
"SI143911";"43,99733";"5,06722";"Provence-Alpes-Côte d'Azur";"Vaucluse";"PERNES-LES-FONTAINES";"84088";"HS";"HS";"HS";"HS";"NE";"HS";"HS";"INT";"Incident en cours";"2026-09-18 22:52:26";"2026-10-30 23:59:28"
"SI146106";"48,10506";" -1,71081";"Bretagne";"Ille-et-Vilaine";"RENNES";"35238";"HS";"HS";"HS";"HS";"HS";"HS";"HS";"MAINT";"Maintenance en cours";"2026-10-02 08:00:00";"2026-10-02 18:00:00"
"SI148483";"42,37434";"9,52966";"Corse";"Haute-Corse";"SAN-NICOLAO";"2B313";"HS";"HS";"HS";"OK";"OK";"HS";"DE";"INT";"Incident en cours";"2026-09-14 12:35:39";"2026-10-30 18:00:00"
"SI148561";"43,91218";"0,78394";"Occitanie";"Gers";"SAINT-CREAC";"32371";"HS";"OK";"OK";"OK";"NE";"DE";"OK";"INT";"Incident en cours";"2026-09-23 02:17:41";"2026-09-24 00:33:00"
"SI148671";"46,69905";"1,21290";"Centre-Val de Loire";"Indre";"ROSNAY";"36173";"HS";"HS";"HS";"HS";"NE";"HS";"HS";"MAINT";"Maintenance en cours";"2026-10-02 09:00:00";"2026-10-02 17:00:00"
"SI148766";"48,26026";"7,37626";"Grand Est";"Bas-Rhin";"KINTZHEIM";"67239";"HS";"OK";"OK";"OK";"OK";"DE";"OK";"INT";"Incident en cours";"2026-07-17 11:56:23";"2026-07-20 17:56:31"
"SI148990";"48,74502";"2,50796";"Ile-de-France";"Val-de-Marne";"LIMEIL-BREVANNES";"94044";"HS";"HS";"HS";"HS";"HS";"HS";"HS";"MAINT";"Maintenance en cours";"2026-10-02 08:00:00";"2026-10-02 16:00:00"
"SI148995";"43,92922";"7,36325";"Provence-Alpes-Côte d'Azur";"Alpes-Maritimes";"LUCERAM";"06077";"HS";"HS";"HS";"HS";"HS";"HS";"HS";"MAINT";"Maintenance en cours";"2026-10-02 08:00:00";"2026-10-02 17:00:00"
"SI150328";"43,70476";"7,27025";"Provence-Alpes-Côte d'Azur";"Alpes-Maritimes";"NICE";"06088";"HS";"OK";"OK";"OK";"OK";"DE";"OK";"INT";"Incident en cours";"2026-10-01 10:54:00";"2026-10-06 16:54:02"
"SI150347";"43,32829";"5,40486";"Provence-Alpes-Côte d'Azur";"Bouches-du-Rhône";"MARSEILLE 13E ARRONDISSEMENT";"13213";"HS";"OK";"OK";"OK";"OK";"DE";"OK";"INT";"Incident en cours";"2026-10-01 16:54:50";"2026-10-11 16:56:57"
"SI150374";"43,35180";"5,47635";"Provence-Alpes-Côte d'Azur";"Bouches-du-Rhône";"PLAN-DE-CUQUES";"13075";"HS";"HS";"HS";"OK";"NE";"HS";"DE";"INT";"Incident en cours";"2026-09-25 19:41:43";"2026-10-12 23:59:59"
"SI150456";"50,59963";"3,17869";"Hauts-de-France";"Nord";"ANSTAING";"59013";"NE";"HS";"HS";"HS";"HS";"HS";"HS";"INT";"Incident en cours";"2026-09-17 13:30:58";"2026-10-12 23:59:59"
"SI150878";"45,71024";"4,90212";"Auvergne-Rhône-Alpes";"Rhône";"VENISSIEUX";"69259";"HS";"HS";"HS";"HS";"HS";"HS";"HS";"MAINT";"Maintenance en cours";"2026-10-02 08:00:00";"2026-10-02 17:30:00"
"SI151440";"48,85396";"2,48824";"Ile-de-France";"Val-de-Marne";"FONTENAY-SOUS-BOIS";"94033";"NE";"HS";"HS";"HS";"NE";"HS";"HS";"INT";"Incident en cours";"2026-07-08 16:54:50";"2026-11-02 23:59:59"
"SI165009";"43,12816";"5,92938";"Provence-Alpes-Côte d'Azur";"Var";"TOULON";"83137";"NE";"HS";"HS";"HS";"NE";"HS";"HS";"INT";"Incident en cours";"2026-09-25 21:07:08";"2026-10-12 23:59:59"
"SI173943";"48,43991";"1,51432";"Centre-Val de Loire";"Eure-et-Loir";"CHARTRES";"28085";"NE";"HS";"HS";"OK";"OK";"HS";"DE";"INT";"Incident en cours";"2026-09-14 18:12:51";"2026-10-08 23:59:59"
"SI177117";"49,77351";"1,86894";"Hauts-de-France";"Somme";"LIGNIERES-CHATELAIN";"80479";"NE";"HS";"HS";"HS";"HS";"HS";"HS";"INT";"Incident en cours";"2026-09-22 21:31:07";"2026-10-30 18:00:00"
"SI179785";"45,49746";"0,05542";"Nouvelle-Aquitaine";"Charente";"BECHERESSE";"16036";"NE";"HS";"HS";"HS";"NE";"HS";"HS";"INT";"Incident en cours";"2026-08-05 06:36:23";"2026-10-05 22:00:00"
"SI189457";"46,81669";"5,07032";"Bourgogne-Franche-Comté";"Saône-et-Loire";"SAINT-MARTIN-EN-BRESSE";"71456";"NE";"OK";"OK";"HS";"HS";"OK";"DE";"INT";"Incident en cours";"2026-09-16 09:12:14";"2026-09-16 15:52:56"
"SI206471";"50,95237";"2,19138";"Hauts-de-France";"Nord";"BOURBOURG";"59094";"NE";"OK";"OK";"HS";"HS";"OK";"DE";"INT";"Incident en cours";"2026-08-30 02:28:52";"2026-09-04 08:28:53"
"SI207364";"48,71472";"2,20278";"Ile-de-France";"Essonne";"PALAISEAU";"91477";"NE";"HS";"HS";"HS";"NE";"HS";"HS";"INT";"Incident en cours";"2026-09-19 21:18:27";"2026-09-30 23:59:59"
"SI231269";"48,95158";"1,49210";"Normandie";"Eure";"VILLIERS-EN-DESOUVRE";"27696";"HS";"HS";"HS";"HS";"NE";"HS";"HS";"INT";"Incident en cours";"2026-09-27 22:23:29";"2026-10-03 04:23:34"
"SI332890";"49,78042";"1,72987";"Normandie";"Seine-Maritime";"MORIENNE";"76606";"HS";"OK";"OK";"OK";"NE";"DE";"OK";"INT";"Incident en cours";"2026-09-28 09:18:45";"2026-10-10 17:54:02"
"SI333797";"44,17333";"7,15416";"Provence-Alpes-Côte d'Azur";"Alpes-Maritimes";"ISOLA";"06073";"OK";"HS";"HS";"HS";"NE";"DE";"HS";"INT";"Incident en cours";"2026-07-09 09:04:51";"2026-10-12 23:59:59"
"SI335048";"43,34339";"3,22874";"Occitanie";"Hérault";"BEZIERS";"34032";"HS";"OK";"OK";"OK";"NE";"DE";"OK";"INT";"Incident en cours";"2026-08-17 12:42:06";"2026-10-12 23:59:59"
"SI335670";"47,59601";"6,88599";"Bourgogne-Franche-Comté";"Territoire de Belfort";"MEROUX-MOVAL";"90068";"OK";"OK";"OK";"HS";"NE";"OK";"DE";"INT";"Incident en cours";"2026-08-31 02:28:51";"2026-10-15 02:00:00"
"SI335877";"43,52814";"5,44578";"Provence-Alpes-Côte d'Azur";"Bouches-du-Rhône";"AIX-EN-PROVENCE";"13001";"HS";"OK";"OK";"OK";"NE";"DE";"OK";"INT";"Incident en cours";"2026-06-20 16:48:52";"2026-10-14 23:59:59"
"SI336272";"47,99930";" -1,67304";"Bretagne";"Ille-et-Vilaine";"ORGERES";"35208";"HS";"HS";"HS";"HS";"HS";"HS";"HS";"INT";"Incident en cours";"2026-08-15 13:12:59";"2026-10-23 23:59:59"
"SI336305";"48,86867";"2,36661";"Ile-de-France";"Paris";"PARIS-10E--ARRONDISSEMENT";"75110";"NE";"HS";"HS";"OK";"OK";"HS";"DE";"INT";"Incident en cours";"2026-07-17 16:33:05";"2026-11-02 23:59:59"
"SI337814";"43,67570";"4,64160";"Provence-Alpes-Côte d'Azur";"Bouches-du-Rhône";"ARLES";"13004";"HS";"HS";"HS";"HS";"HS";"HS";"HS";"MAINT";"Maintenance en cours";"2026-10-02 09:00:00";"2026-10-02 17:00:00"
"SI338138";"43,72273";"7,11138";"Provence-Alpes-Côte d'Azur";"Alpes-Maritimes";"VENCE";"06157";"HS";"OK";"OK";"OK";"NE";"DE";"OK";"INT";"Incident en cours";"2026-07-09 10:00:21";"2026-11-04 23:59:59"
"SI338238";"48,85823";"2,39016";"Ile-de-France";"Paris";"PARIS-11E--ARRONDISSEMENT";"75111";"NE";"OK";"OK";"HS";"NE";"OK";"DE";"INT";"Incident en cours";"2026-10-01 02:19:30";"2026-10-06 08:19:31"
"SI338476";"48,84511";"2,26152";"Ile-de-France";"Paris";"PARIS-16E--ARRONDISSEMENT";"75116";"NE";"HS";"HS";"OK";"NE";"HS";"DE";"INT";"Incident en cours";"2026-09-01 17:33:55";"2026-10-16 23:59:59"
"SI544492";"45,75169";"4,82859";"Auvergne-Rhône-Alpes";"Rhône";"LYON 2E ARRONDISSEMENT";"69382";"OK";"OK";"OK";"HS";"NE";"OK";"DE";"INT";"Incident en cours";"2026-08-06 12:01:59";"2026-10-06 23:59:59"
"SI544541";"45,30253";"0,80181";"Nouvelle-Aquitaine";"Dordogne";"SORGES ET LIGUEUX EN PERIGORD";"24540";"HS";"HS";"HS";"HS";"NE";"HS";"HS";"MAINT";"Maintenance en cours";"2026-10-02 08:00:00";"2026-10-02 16:00:00"
"SI545262";"48,95280";"2,50414";"Ile-de-France";"Seine-St-Denis";"AULNAY-SOUS-BOIS";"93005";"NE";"HS";"HS";"HS";"HS";"HS";"HS";"INT";"Incident en cours";"2025-09-12 23:13:31";"2026-10-31 23:59:59"
"SI548811";"47,84019";"1,94235";"Centre-Val de Loire";"Loiret";"ORLEANS";"45234";"OK";"HS";"HS";"OK";"OK";"DE";"DE";"INT";"Incident en cours";"2025-09-29 14:41:35";"2025-10-09 14:48:28"
"SI550626";"46,81611";" -1,12834";"Pays de la Loire";"Vandée";"VENDRENNES";"85301";"HS";"HS";"HS";"HS";"HS";"HS";"HS";"MAINT";"Maintenance en cours";"2026-10-02 08:00:00";"2026-10-02 18:00:00"
"SI550789";"45,09280";"5,68644";"Auvergne-Rhône-Alpes";"Isère";"VARCES-ALLIERES-ET-RISSET";"38524";"HS";"HS";"HS";"HS";"HS";"HS";"HS";"INT";"Incident en cours";"2026-09-28 10:20:29";"2026-10-02 23:59:59"
"SI570338";"45,16099";"1,28133";"Nouvelle-Aquitaine";"Corrèze";"CUBLAC";"19066";"OK";"OK";"OK";"HS";"HS";"OK";"DE";"INT";"Incident en cours";"2026-09-11 16:52:27";""
"SI586390";"44,28212";"4,20681";"Occitanie";"Gard";"SAINT-BRES";"30237";"OK";"HS";"HS";"OK";"OK";"DE";"DE";"INT";"Incident en cours";"2026-10-01 15:02:58";"2026-10-06 21:03:01"
"SI588945";"45,38163";"6,60895";"Auvergne-Rhône-Alpes";"Savoie";"LES ALLUES";"73015";"HS";"OK";"OK";"OK";"NE";"DE";"OK";"INT";"Incident en cours";"2026-08-28 19:19:00";"2026-09-01 01:19:03"
"SI593765";"43,52803";"5,45235";"Provence-Alpes-Côte d'Azur";"Bouches-du-Rhône";"AIX-EN-PROVENCE";"13001";"HS";"HS";"HS";"OK";"NE";"HS";"DE";"INT";"Incident en cours";"2026-09-20 12:17:23";"2026-10-15 23:59:59"
"SI652852";"50,68510";"3,15886";"Hauts-de-France";"Nord";"CROIX";"59163";"HS";"HS";"HS";"HS";"HS";"HS";"HS";"INT";"Incident en cours";"2026-04-29 11:53:54";"2026-10-15 23:59:59"
"SI656663";"43,41316";"5,04289";"Provence-Alpes-Côte d'Azur";"Bouches-du-Rhône";"MARTIGUES";"13056";"HS";"HS";"HS";"HS";"HS";"HS";"HS";"MAINT";"Maintenance en cours";"2026-10-02 08:00:00";"2026-10-02 17:30:00"
"SI662507";"48,92611";"2,32861";"Ile-de-France";"Hauts-de-Seine";"VILLENEUVE-LA-GARENNE";"92078";"HS";"OK";"OK";"OK";"OK";"DE";"OK";"INT";"Incident en cours";"2026-05-28 16:32:45";"2026-10-31 23:59:59"
"SI665161";"48,85177";"2,35782";"Ile-de-France";"Paris";"PARIS--4E--ARRONDISSEMENT";"75104";"HS";"HS";"HS";"OK";"OK";"HS";"DE";"INT";"Incident en cours";"2026-09-29 10:58:40";"2026-10-04 16:58:43"
"SI665872";"48,88942";"2,24405";"Ile-de-France";"Hauts-de-Seine";"PUTEAUX";"92062";"HS";"OK";"OK";"OK";"NE";"DE";"OK";"INT";"Incident en cours";"2026-09-10 16:21:27";"2026-10-13 23:59:59"
"SI667787";"44,82643";" -0,55782";"Nouvelle-Aquitaine";"Gironde";"BORDEAUX";"33063";"HS";"HS";"HS";"HS";"HS";"HS";"HS";"MAINT";"Maintenance en cours";"2026-10-02 08:00:00";"2026-10-02 17:00:00"
"SI681464";"50,69388";"3,15702";"Hauts-de-France";"Nord";"ROUBAIX";"59512";"HS";"HS";"HS";"HS";"HS";"HS";"HS";"INT";"Incident en cours";"2026-03-20 22:26:44";"2026-10-15 23:59:59"
"SI683873";"48,78787";"2,21937";"Ile-de-France";"Hauts-de-Seine";"MEUDON";"92048";"NE";"HS";"HS";"OK";"OK";"HS";"DE";"INT";"Incident en cours";"2026-08-03 22:39:04";"2026-10-12 23:59:59"
"SI684305";"43,15511";"2,95374";"Occitanie";"Aude";"NARBONNE";"11262";"HS";"OK";"OK";"OK";"OK";"DE";"OK";"INT";"Incident en cours";"2026-09-06 14:39:02";"2026-10-12 23:59:59"
"SI684325";"43,24534";"3,28978";"Occitanie";"Hérault";"VALRAS-PLAGE";"34324";"HS";"OK";"OK";"OK";"OK";"DE";"OK";"INT";"Incident en cours";"2026-08-30 03:23:17";"2026-10-07 23:59:59"
"SI684453";"46,13634";"1,90985";"Nouvelle-Aquitaine";"Creuse";"SAINTE-FEYRE";"23193";"HS";"HS";"HS";"HS";"HS";"HS";"HS";"MAINT";"Maintenance en cours";"2026-10-02 08:00:00";"2026-10-02 18:00:00"
"SI684481";"49,18432";" -0,35562";"Normandie";"Calvados";"CAEN";"14118";"HS";"HS";"HS";"OK";"OK";"HS";"DE";"INT";"Incident en cours";"2026-08-09 19:23:19";"2026-10-22 23:59:59"
"SI684855";"43,81945";"5,79855";"Provence-Alpes-Côte d'Azur";"Alpes-de-Haute-Provence";"MANOSQUE";"04112";"HS";"HS";"HS";"HS";"NE";"HS";"HS";"INT";"Incident en cours";"2026-02-10 15:24:38";"2026-10-30 23:59:59"
"SI685104";"43,62528";"4,00390";"Occitanie";"Hérault";"MAUGUIO";"34154";"HS";"HS";"HS";"HS";"HS";"HS";"HS";"MAINT";"Maintenance en cours";"2026-10-02 08:00:00";"2026-10-02 17:30:00"
"SI722131";"43,52794";"4,71596";"Provence-Alpes-Côte d'Azur";"Bouches-du-Rhône";"ARLES";"13004";"HS";"HS";"HS";"HS";"NE";"HS";"HS";"INT";"Incident en cours";"2026-09-11 11:10:41";"2026-10-12 23:59:59"
"SI724856";"45,55076";"4,05022";"Auvergne-Rhône-Alpes";"Loire";"LEZIGNEUX";"42122";"HS";"HS";"HS";"OK";"OK";"HS";"DE";"INT";"Incident en cours";"2026-09-23 14:19:15";"2026-10-12 23:59:59"
"SI725215";"43,83940";"4,35497";"Occitanie";"Gard";"NIMES";"30189";"HS";"HS";"HS";"HS";"NE";"HS";"HS";"INT";"Incident en cours";"2026-09-21 20:12:23";"2026-10-09 23:59:59"
"SI725676";"45,77820";"1,28877";"Nouvelle-Aquitaine";"Haute-Vienne";"LE VIGEN";"87205";"HS";"HS";"HS";"OK";"OK";"HS";"DE";"INT";"Incident en cours";"2026-05-07 04:58:54";"2026-11-30 23:59:59"
"SI725763";"49,18176";" -0,35349";"Normandie";"Calvados";"CAEN";"14118";"HS";"OK";"OK";"OK";"OK";"DE";"OK";"INT";"Incident en cours";"2026-06-05 03:37:18";"2026-10-05 23:59:59"
"SI725770";"49,18235";" -0,35991";"Normandie";"Calvados";"CAEN";"14118";"HS";"HS";"HS";"OK";"OK";"HS";"DE";"INT";"Incident en cours";"2026-08-02 06:24:22";"2026-10-02 23:59:59"
"SI725813";"49,17429";"1,31241";"Normandie";"Eure";"LE VAL D'HAZEY";"27022";"HS";"HS";"HS";"HS";"HS";"HS";"HS";"INT";"Incident en cours";"2026-09-27 15:34:34";"2026-10-02 21:37:31"
"SI726048";"45,83265";" -1,12508";"Nouvelle-Aquitaine";"Charente-Maritime";"MARENNES-HIERS-BROUAGE";"17219";"HS";"HS";"HS";"HS";"HS";"HS";"HS";"INT";"Incident en cours";"2026-08-24 20:05:04";"2026-10-06 22:00:00"
"SI726183";"42,36764";"9,47809";"Corse";"Haute-Corse";"SAN-GIOVANNI-DI-MORIANI";"2B302";"HS";"OK";"OK";"OK";"OK";"DE";"OK";"INT";"Incident en cours";"2026-09-26 02:13:36";"2026-10-30 18:00:00"
"SI726190";"41,93318";"8,74023";"Corse";"Corse-du-Sud";"AJACCIO";"2A004";"HS";"HS";"HS";"HS";"HS";"HS";"HS";"INT";"Incident en cours";"2026-09-22 12:14:05";"2026-10-26 14:14:47"
"SI726300";"44,88221";" -1,11611";"Nouvelle-Aquitaine";"Gironde";"LE PORGE";"33333";"HS";"HS";"HS";"HS";"HS";"HS";"HS";"INT";"Incident en cours";"2026-08-03 17:28:34";"2026-11-30 17:27:28"
"SI726713";"42,88111";" -0,15584";"Occitanie";"Hautes-Pyrénées";"CAUTERETS";"65138";"HS";"OK";"OK";"OK";"OK";"DE";"OK";"INT";"Incident en cours";"2026-09-28 11:09:51";"2026-09-29 11:09:51"
"SI726805";"42,70163";"2,91482";"Occitanie";"Pyrénées-Orientales";"PERPIGNAN";"66136";"HS";"OK";"OK";"OK";"OK";"DE";"OK";"INT";"Incident en cours";"2026-09-13 23:31:03";"2026-10-30 22:00:00"
"SI726817";"42,66376";"2,62448";"Occitanie";"Pyrénées-Orientales";"ILLE-SUR-TET";"66088";"OK";"OK";"OK";"HS";"HS";"OK";"DE";"INT";"Incident en cours";"2026-06-12 16:20:56";"2026-06-22 23:59:59"
"SI727060";"48,62771";"2,13446";"Ile-de-France";"Essonne";"BRIIS-SOUS-FORGES";"91111";"OK";"OK";"OK";"HS";"NE";"OK";"DE";"INT";"Incident en cours";"2026-08-13 23:53:53";"2026-11-05 18:00:00"
"SI727076";"45,50045";"0,16112";"Nouvelle-Aquitaine";"Charente";"BOISNE-LA TUDE";"16082";"HS";"OK";"OK";"OK";"OK";"DE";"OK";"INT";"Incident en cours";"2026-08-28 19:18:54";"2026-09-01 01:18:56"
"SI727172";"44,38453";"5,38068";"Auvergne-Rhône-Alpes";"Drôme";"PELONNE";"26227";"HS";"OK";"OK";"OK";"NE";"DE";"OK";"INT";"Incident en cours";"2026-09-21 16:01:35";""
"SI727195";"43,59303";"1,12824";"Occitanie";"Gers";"L'ISLE-JOURDAIN";"32160";"HS";"OK";"OK";"OK";"OK";"DE";"OK";"INT";"Incident en cours";"2026-10-01 03:14:39";"2026-10-06 09:14:40"
"SI727378";"42,81218";"2,28006";"Occitanie";"Aude";"PUILAURENS";"11302";"HS";"HS";"HS";"HS";"NE";"HS";"HS";"INT";"Incident en cours";"2026-09-09 23:53:35";"2026-11-30 23:00:00"
"SI727512";"45,88316";"5,53640";"Auvergne-Rhône-Alpes";"Ain";"LA BURBANCHE";"01066";"HS";"OK";"OK";"OK";"NE";"DE";"OK";"INT";"Incident en cours";"2026-01-23 18:06:16";"2026-12-31 23:59:59"
"SI727569";"46,22090";"5,96183";"Auvergne-Rhône-Alpes";"Ain";"SAINT-JEAN-DE-GONVILLE";"01360";"HS";"HS";"HS";"HS";"NE";"HS";"HS";"MAINT";"Maintenance en cours";"2026-10-02 08:00:00";"2026-10-02 17:30:00"
"SI727569";"46,22090";"5,96183";"Auvergne-Rhône-Alpes";"Ain";"SAINT-JEAN-DE-GONVILLE";"01360";"HS";"HS";"HS";"OK";"NE";"HS";"DE";"INT";"Incident en cours";"2026-09-29 17:16:51";"2026-10-06 00:02:53"
"SI727735";"48,45384";"1,48477";"Centre-Val de Loire";"Eure-et-Loir";"CHARTRES";"28085";"HS";"OK";"OK";"OK";"OK";"DE";"OK";"INT";"Incident en cours";"2026-09-24 16:14:34";"2026-10-04 16:14:36"
"SI727827";"43,88125";"4,47394";"Occitanie";"Gard";"SAINT-GERVASY";"30257";"OK";"HS";"HS";"OK";"OK";"DE";"DE";"INT";"Incident en cours";"2026-07-08 17:15:27";"2026-10-30 01:50:35"
"SI727828";"43,85725";"4,45114";"Occitanie";"Gard";"MARGUERITTES";"30156";"OK";"HS";"HS";"OK";"OK";"DE";"DE";"INT";"Incident en cours";"2026-07-08 17:15:27";"2026-10-02 23:59:59"
"SI727835";"43,61167";"4,42889";"Occitanie";"Gard";"SAINT-GILLES";"30258";"HS";"HS";"HS";"OK";"OK";"HS";"DE";"INT";"Incident en cours";"2026-09-30 16:57:36";"2026-10-05 22:57:37"
"SI727851";"43,56375";"4,10048";"Occitanie";"Hérault";"LA GRANDE-MOTTE";"34344";"OK";"HS";"HS";"OK";"OK";"DE";"DE";"INT";"Incident en cours";"2026-07-08 21:33:53";"2026-10-30 21:33:54"
"SI727918";"47,97055";" -1,62445";"Bretagne";"Ille-et-Vilaine";"CHANTELOUP";"35054";"HS";"OK";"OK";"OK";"OK";"DE";"OK";"INT";"Incident en cours";"2026-09-01 11:42:54";""
"SI727941";"47,96075";" -1,43946";"Bretagne";"Ille-et-Vilaine";"ESSE";"35108";"HS";"OK";"OK";"OK";"OK";"DE";"OK";"INT";"Incident en cours";"2026-09-01 11:50:55";""
"SI728474";"47,19539";" -1,55660";"Pays de la Loire";"Loire-Atlantique";"REZE";"44143";"NE";"HS";"HS";"OK";"OK";"HS";"DE";"INT";"Incident en cours";"2026-07-31 12:11:42";"2026-11-02 23:59:59"
"SI728499";"48,11930";" -1,64205";"Bretagne";"Ille-et-Vilaine";"RENNES";"35238";"HS";"HS";"HS";"HS";"HS";"HS";"HS";"MAINT";"Maintenance en cours";"2026-10-02 07:00:00";"2026-10-02 17:00:00"
"SI729622";"43,73492";"7,29761";"Provence-Alpes-Côte d'Azur";"Alpes-Maritimes";"NICE";"06088";"OK";"HS";"HS";"OK";"OK";"DE";"DE";"INT";"Incident en cours";"2026-09-11 22:52:10";"2026-10-15 23:59:59"
"SI729887";"43,28206";"5,39403";"Provence-Alpes-Côte d'Azur";"Bouches-du-Rhône";"MARSEILLE 10E ARRONDISSEMENT";"13210";"HS";"OK";"OK";"OK";"OK";"DE";"OK";"INT";"Incident en cours";"2026-09-26 19:15:03";"2026-10-06 19:15:05"
"SI729970";"43,45364";"5,30962";"Provence-Alpes-Côte d'Azur";"Bouches-du-Rhône";"AIX-EN-PROVENCE";"13001";"HS";"HS";"HS";"HS";"NE";"HS";"HS";"INT";"Incident en cours";"2021-10-31 20:50:27";"2027-09-07 23:59:59"
"SI730572";"43,21016";"6,56336";"Provence-Alpes-Côte d'Azur";"Var";"LA CROIX-VALMER";"83048";"HS";"OK";"OK";"OK";"OK";"DE";"OK";"INT";"Incident en cours";"2026-08-30 03:23:17";"2026-10-07 23:59:59"
"SI731212";"45,12588";"0,49701";"Nouvelle-Aquitaine";"Dordogne";"SAINT-LEON-SUR-L'ISLE";"24442";"OK";"OK";"OK";"HS";"HS";"OK";"DE";"INT";"Incident en cours";"2026-09-14 14:24:37";"2026-09-15 13:44:23"
"SI731320";"45,42627";"6,70305";"Auvergne-Rhône-Alpes";"Savoie";"PLANAY";"73201";"HS";"HS";"HS";"HS";"HS";"HS";"HS";"INT";"Incident en cours";"2026-07-10 04:02:15";"2026-10-30 17:04:43"
"SI731358";"45,29892";"6,58325";"Auvergne-Rhône-Alpes";"Savoie";"LES BELLEVILLE";"73257";"NE";"HS";"HS";"HS";"HS";"HS";"HS";"INT";"Incident en cours";"2026-09-30 10:31:59";"2026-10-07 23:59:59"
"SI731384";"45,84817";"6,61511";"Auvergne-Rhône-Alpes";"Haute-Savoie";"MEGEVE";"74173";"HS";"OK";"OK";"OK";"OK";"DE";"OK";"INT";"Incident en cours";"2026-07-17 13:06:55";"2026-10-09 00:00:00"
"SI731417";"45,89541";"6,42293";"Auvergne-Rhône-Alpes";"Haute-Savoie";"LA CLUSAZ";"74080";"HS";"OK";"OK";"HS";"HS";"DE";"DE";"INT";"Incident en cours";"2026-06-10 11:55:52";"2026-06-15 17:55:53"
"SI731564";"48,40172";"2,69165";"Ile-de-France";"Seine-et-Marne";"FONTAINEBLEAU";"77186";"NE";"HS";"HS";"OK";"OK";"HS";"DE";"INT";"Incident en cours";"2026-09-22 08:49:38";"2026-10-16 08:49:28"
"SI731823";"49,89677";"3,73936";"Hauts-de-France";"Aisne";"PROISY";"02624";"OK";"HS";"HS";"HS";"NE";"DE";"HS";"INT";"Incident en cours";"2026-08-28 20:53:52";"2026-09-03 02:53:54"
"SI732573";"47,27105";" -1,59066";"Pays de la Loire";"Loire-Atlantique";"NANTES";"44109";"HS";"HS";"HS";"HS";"HS";"HS";"HS";"INT";"Incident en cours";"2026-07-02 22:40:54";"2027-09-17 04:40:56"
"SI733369";"46,86105";"6,06215";"Bourgogne-Franche-Comté";"Doubs";"BOUJAILLES";"25079";"HS";"OK";"OK";"OK";"NE";"DE";"OK";"INT";"Incident en cours";"2026-09-22 11:35:29";""
"SI733697";"49,50879";"3,16496";"Hauts-de-France";"Aisne";"BLERANCOURT";"02093";"HS";"HS";"HS";"OK";"NE";"HS";"DE";"INT";"Incident en cours";"2026-09-15 15:42:13";"2026-10-30 12:30:00"
"SI734276";"43,59941";" -1,47275";"Nouvelle-Aquitaine";"Landes";"LABENNE";"40133";"HS";"HS";"HS";"OK";"NE";"HS";"DE";"INT";"Incident en cours";"2026-07-16 17:22:26";"2026-10-05 23:59:59"
"SI734297";"43,63714";"1,43369";"Occitanie";"Haute-Garonne";"TOULOUSE";"31555";"HS";"OK";"OK";"OK";"OK";"DE";"OK";"INT";"Incident en cours";"2026-09-23 08:09:52";"2026-10-03 08:09:53"
"SI734335";"43,62061";"1,45736";"Occitanie";"Haute-Garonne";"TOULOUSE";"31555";"HS";"OK";"OK";"OK";"OK";"DE";"OK";"INT";"Incident en cours";"2026-06-22 17:00:50";"2026-10-30 23:59:59"
"SI734336";"43,59397";"1,43329";"Occitanie";"Haute-Garonne";"TOULOUSE";"31555";"HS";"OK";"OK";"OK";"OK";"DE";"OK";"INT";"Incident en cours";"2026-09-22 16:13:11";"2026-10-02 16:14:33"
"SI735078";"48,58368";"7,70917";"Grand Est";"Bas-Rhin";"STRASBOURG";"67482";"OK";"HS";"HS";"OK";"OK";"DE";"DE";"INT";"Incident en cours";"2026-09-29 15:18:06";"2026-12-09 15:20:41"
"SI735901";"49,39560";"2,20211";"Hauts-de-France";"Oise";"BAILLEUL-SUR-THERAIN";"60041";"HS";"HS";"HS";"HS";"NE";"HS";"HS";"INT";"Incident en cours";"2026-09-29 11:39:53";"2026-10-02 18:00:00"
"SI735914";"49,60588";"2,07306";"Hauts-de-France";"Oise";"CREVECOUR-LE-GRAND";"60178";"OK";"OK";"OK";"HS";"NE";"OK";"DE";"INT";"Incident en cours";"2026-09-27 20:23:55";"2026-10-07 06:10:11"
"SI735948";"50,01456";"1,43718";"Normandie";"Seine-Maritime";"SAINT-PIERRE-EN-VAL";"76638";"HS";"OK";"OK";"OK";"NE";"DE";"OK";"INT";"Incident en cours";"2026-10-01 09:05:04";"2026-10-02 08:41:10"
"SI736057";"43,18500";"2,39611";"Occitanie";"Aude";"PALAJA";"11272";"HS";"HS";"HS";"HS";"NE";"HS";"HS";"INT";"Incident en cours";"2026-09-18 10:21:37";"2026-10-06 23:59:59"
"SI736095";"45,32899";"0,09087";"Nouvelle-Aquitaine";"Charente";"MONTBOYER";"16222";"HS";"OK";"OK";"OK";"NE";"DE";"OK";"INT";"Incident en cours";"2026-08-28 19:18:54";"2026-09-01 01:18:56"
"SI736105";"45,46051";"0,16501";"Nouvelle-Aquitaine";"Charente";"BOISNE-LA TUDE";"16082";"HS";"OK";"OK";"OK";"NE";"DE";"OK";"INT";"Incident en cours";"2026-08-28 19:18:54";"2026-09-01 01:18:56"
"SI736315";"48,27963";"4,64816";"Grand Est";"Aube";"ARSONVAL";"10012";"OK";"HS";"HS";"OK";"NE";"DE";"DE";"INT";"Incident en cours";"2026-09-17 18:59:46";"2026-10-09 22:00:00"
"SI736710";"48,97810";"3,19924";"Ile-de-France";"Seine-et-Marne";"MERY-SUR-MARNE";"77290";"HS";"HS";"HS";"OK";"NE";"HS";"DE";"INT";"Incident en cours";"2024-12-02 07:38:07";"2026-10-31 18:26:33"
"SI736711";"48,79772";"2,79880";"Ile-de-France";"Seine-et-Marne";"VILLENEUVE-SAINT-DENIS";"77510";"HS";"OK";"OK";"OK";"NE";"DE";"OK";"INT";"Incident en cours";"2026-07-30 10:25:37";"2026-12-31 10:26:18"
"SI778690";"49,20545";" -0,35645";"Normandie";"Calvados";"CAEN";"14118";"HS";"OK";"OK";"OK";"OK";"DE";"OK";"INT";"Incident en cours";"2026-08-12 23:23:01";"2026-10-05 23:59:59"
"SI778892";"48,86074";"2,32456";"Ile-de-France";"Paris";"PARIS--7E--ARRONDISSEMENT";"75107";"HS";"HS";"HS";"HS";"NE";"HS";"HS";"INT";"Incident en cours";"2026-09-09 05:51:08";"2026-10-09 23:59:59"
"SI781176";"43,96313";"1,27932";"Occitanie";"Tarn-et-Garonne";"MONTECH";"82125";"OK";"OK";"OK";"HS";"HS";"OK";"DE";"INT";"Incident en cours";"2026-08-31 20:20:26";"2026-09-06 02:20:31"
"SI781459";"48,86536";"2,32772";"Ile-de-France";"Paris";"PARIS--1ER-ARRONDISSEMENT";"75101";"HS";"OK";"OK";"OK";"OK";"DE";"OK";"INT";"Incident en cours";"2026-09-25 17:06:31";"2026-10-05 17:51:32"
"SI782781";"49,17899";" -0,36665";"Normandie";"Calvados";"CAEN";"14118";"OK";"HS";"HS";"OK";"OK";"DE";"DE";"INT";"Incident en cours";"2026-07-17 16:58:59";"2026-10-05 23:59:59"
"SI788870";"46,55429";"3,33999";"Auvergne-Rhône-Alpes";"Allier";"YZEURE";"03321";"HS";"HS";"HS";"HS";"HS";"HS";"HS";"INT";"Incident en cours";"2026-07-09 15:17:18";"2026-11-09 23:59:59"
"SI788875";"48,87280";"2,39994";"Ile-de-France";"Paris";"PARIS-20E--ARRONDISSEMENT";"75120";"HS";"HS";"HS";"OK";"OK";"HS";"DE";"INT";"Incident en cours";"2026-10-01 11:43:58";"2026-10-06 17:44:00"
"SI789023";"48,76109";"2,06265";"Ile-de-France";"Yvelines";"VOISINS-LE-BRETONNEUX";"78688";"OK";"OK";"OK";"HS";"HS";"OK";"DE";"INT";"Incident en cours";"2026-10-01 16:22:38";"2026-10-11 16:24:56"
"SI790508";"50,61319";"3,13341";"Hauts-de-France";"Nord";"VILLENEUVE-D'ASCQ";"59009";"HS";"HS";"HS";"HS";"HS";"HS";"HS";"MAINT";"Maintenance en cours";"2026-10-02 08:00:00";"2026-10-02 17:30:00"
"SI791762";"47,98667";" -1,92527";"Bretagne";"Ille-et-Vilaine";"BAULON";"35016";"HS";"OK";"OK";"OK";"NE";"DE";"OK";"INT";"Incident en cours";"2026-09-18 14:36:10";"2026-10-12 23:59:59"
"SI794857";"48,96784";"2,38260";"Ile-de-France";"Seine-St-Denis";"STAINS";"93072";"HS";"HS";"HS";"HS";"HS";"HS";"HS";"INT";"Incident en cours";"2026-09-30 19:44:47";"2026-10-06 01:44:49"
"SI809990";"48,87322";"2,30938";"Ile-de-France";"Paris";"PARIS--8E--ARRONDISSEMENT";"75108";"NE";"HS";"HS";"HS";"HS";"HS";"HS";"INT";"Incident en cours";"2026-03-03 02:27:56";"2026-12-31 23:59:59"
"SI817180";"48,91085";"2,60716";"Ile-de-France";"Seine-et-Marne";"COURTRY";"77139";"HS";"HS";"HS";"HS";"HS";"HS";"HS";"MAINT";"Maintenance en cours";"2026-10-02 08:00:00";"2026-10-02 17:30:00"
"SI829309";"48,94178";"2,16364";"Ile-de-France";"Yvelines";"SARTROUVILLE";"78586";"HS";"HS";"HS";"HS";"HS";"HS";"HS";"MAINT";"Maintenance en cours";"2026-10-02 08:00:00";"2026-10-02 17:30:00"
"SI833642";"48,78575";"2,20848";"Ile-de-France";"Yvelines";"VELIZY-VILLACOUBLAY";"78640";"HS";"HS";"HS";"HS";"HS";"HS";"HS";"MAINT";"Maintenance en cours";"2026-10-02 08:00:00";"2026-10-02 17:30:00"
"SI834883";"44,33939";"4,73113";"Auvergne-Rhône-Alpes";"Drôme";"SAINT-PAUL-TROIS-CHATEAUX";"26324";"HS";"HS";"HS";"HS";"NE";"HS";"HS";"INT";"Incident en cours";"2026-06-03 10:25:06";"2026-10-20 18:00:00"
"SI836441";"48,94788";"2,51223";"Ile-de-France";"Seine-St-Denis";"AULNAY-SOUS-BOIS";"93005";"NE";"OK";"OK";"HS";"HS";"OK";"DE";"INT";"Incident en cours";"2025-09-12 23:13:31";"2026-10-31 23:59:59"
"SI847032";"49,51245";"0,15920";"Normandie";"Seine-Maritime";"LE HAVRE";"76351";"HS";"HS";"HS";"HS";"HS";"HS";"HS";"MAINT";"Maintenance en cours";"2026-10-02 08:00:00";"2026-10-02 17:30:00"
"SI847041";"49,51252";"0,17081";"Normandie";"Seine-Maritime";"LE HAVRE";"76351";"HS";"HS";"HS";"HS";"HS";"HS";"HS";"MAINT";"Maintenance en cours";"2026-10-02 08:00:00";"2026-10-02 17:30:00"
"SI847061";"47,39392";"0,66811";"Centre-Val de Loire";"Indre-et-Loire";"TOURS";"37261";"NE";"HS";"HS";"OK";"OK";"HS";"DE";"INT";"Incident en cours";"2026-09-30 01:25:50";"2026-10-05 07:25:51"
"SI847180";"43,11836";"5,93736";"Provence-Alpes-Côte d'Azur";"Var";"TOULON";"83137";"HS";"OK";"OK";"OK";"OK";"DE";"OK";"INT";"Incident en cours";"2026-08-30 03:23:17";"2026-10-07 23:59:59"
"SI847415";"50,43998";"2,75884";"Hauts-de-France";"Pas-de-Calais";"LIEVIN";"62510";"HS";"HS";"HS";"OK";"OK";"HS";"DE";"INT";"Incident en cours";"2026-03-25 08:48:28";"2026-10-19 23:59:59"
"SI847906";"43,54791";"3,82975";"Occitanie";"Hérault";"VILLENEUVE-LES-MAGUELONE";"34337";"HS";"HS";"HS";"HS";"HS";"HS";"HS";"INT";"Incident en cours";"2026-09-09 07:13:35";"2026-10-12 23:59:59"
"SI848487";"48,77018";"2,25337";"Ile-de-France";"Hauts-de-Seine";"CHATENAY-MALABRY";"92019";"HS";"OK";"OK";"OK";"OK";"DE";"OK";"INT";"Incident en cours";"2026-07-29 09:49:41";"2026-10-26 23:59:59"
"SI849648";"48,16014";"3,17299";"Bourgogne-Franche-Comté";"Yonne";"SUBLIGNY";"89404";"HS";"HS";"HS";"HS";"NE";"HS";"HS";"INT";"Incident en cours";"2026-06-23 11:58:40";"2026-10-05 23:59:59"
"SI856054";"45,69347";"4,67192";"Auvergne-Rhône-Alpes";"Rhône";"MESSIMY";"69131";"HS";"HS";"HS";"OK";"OK";"HS";"DE";"INT";"Incident en cours";"2026-09-30 04:32:53";"2026-10-10 05:44:26"
"SI859395";"43,29160";"5,37976";"Provence-Alpes-Côte d'Azur";"Bouches-du-Rhône";"MARSEILLE 6E ARRONDISSEMENT";"13206";"HS";"HS";"HS";"HS";"HS";"HS";"HS";"MAINT";"Maintenance en cours";"2026-10-02 08:00:00";"2026-10-02 17:30:00"
"SI861916";"48,97851";"1,70480";"Ile-de-France";"Yvelines";"MANTES-LA-VILLE";"78362";"HS";"OK";"OK";"OK";"OK";"DE";"OK";"INT";"Incident en cours";"2026-09-29 17:10:14";"2026-10-04 23:12:13"
"SI894264";"43,29312";"5,47963";"Provence-Alpes-Côte d'Azur";"Bouches-du-Rhône";"MARSEILLE 11E ARRONDISSEMENT";"13211";"NE";"HS";"HS";"OK";"NE";"HS";"DE";"INT";"Incident en cours";"2026-09-29 09:18:14";"2026-10-04 15:18:18"
"SI968564";"43,39972";"5,03697";"Provence-Alpes-Côte d'Azur";"Bouches-du-Rhône";"MARTIGUES";"13056";"NE";"HS";"HS";"OK";"OK";"HS";"DE";"INT";"Incident en cours";"2026-10-01 03:14:38";"2026-10-06 09:14:40"
"SI968586";"45,69734";"4,87257";"Auvergne-Rhône-Alpes";"Rhône";"VENISSIEUX";"69259";"HS";"HS";"HS";"HS";"HS";"HS";"HS";"MAINT";"Maintenance en cours";"2026-10-02 08:00:00";"2026-10-02 17:00:00"
"SI970238";"45,73269";"4,78620";"Auvergne-Rhône-Alpes";"Rhône";"SAINTE-FOY-LES-LYON";"69202";"HS";"HS";"HS";"HS";"HS";"HS";"HS";"INT";"Incident en cours";"2026-09-17 09:09:42";"2026-10-09 23:59:59"
"SI970337";"43,39509";"5,05696";"Provence-Alpes-Côte d'Azur";"Bouches-du-Rhône";"MARTIGUES";"13056";"HS";"HS";"HS";"HS";"HS";"HS";"HS";"MAINT";"Maintenance en cours";"2026-10-02 08:00:00";"2026-10-02 17:30:00"
"SI970445";"43,68780";"1,33990";"Occitanie";"Haute-Garonne";"AUSSONNE";"31032";"HS";"HS";"HS";"OK";"OK";"HS";"DE";"INT";"Incident en cours";"2026-09-30 10:29:20";"2026-10-05 16:29:22"
"SI971656";"45,37573";"5,55031";"Auvergne-Rhône-Alpes";"Isère";"LA MURETTE";"38270";"HS";"OK";"OK";"OK";"OK";"DE";"OK";"INT";"Incident en cours";"2026-09-06 04:41:29";"2026-10-10 23:59:59"
"SI974921";"49,15026";"6,16231";"Grand Est";"Moselle";"WOIPPY";"57751";"NE";"HS";"HS";"HS";"HS";"HS";"HS";"INT";"Incident en cours";"2026-09-24 10:36:14";"2026-10-02 16:36:17"
"SI975499";"43,60023";"3,89568";"Occitanie";"Hérault";"MONTPELLIER";"34172";"HS";"HS";"HS";"HS";"HS";"HS";"HS";"MAINT";"Maintenance en cours";"2026-10-02 08:00:00";"2026-10-02 17:30:00"
"SI990283";"44,88126";" -0,96431";"Nouvelle-Aquitaine";"Gironde";"LE TEMPLE";"33528";"HS";"OK";"OK";"OK";"NE";"DE";"OK";"INT";"Incident en cours";"2026-07-25 00:54:48";"2026-07-30 06:54:53"
"SI999489";"43,38588";"5,37060";"Provence-Alpes-Côte d'Azur";"Bouches-du-Rhône";"MARSEILLE 15E ARRONDISSEMENT";"13215";"HS";"HS";"HS";"HS";"HS";"HS";"HS";"INT";"Incident en cours";"2026-06-12 11:15:53";"2026-10-26 23:59:59"
"ZPB02203";"49,37402";"3,72524";"Hauts-de-France";"Aisne";"MAIZY";"02453";"NE";"HS";"HS";"HS";"NE";"HS";"HS";"INT";"Incident en cours";"2026-09-14 18:29:07";"2026-10-03 23:59:59"
"ZPB03211";"46,34000";"3,61417";"Auvergne-Rhône-Alpes";"Allier";"TREZELLES";"03291";"NE";"HS";"HS";"HS";"NE";"HS";"HS";"INT";"Incident en cours";"2026-09-15 12:49:53";"2026-10-03 23:59:59"
"ZPB12208";"44,48462";"2,63435";"Occitanie";"Aveyron";"RODELLE";"12201";"NE";"HS";"HS";"OK";"NE";"HS";"DE";"INT";"Incident en cours";"2026-08-28 19:18:59";"2026-09-03 01:19:05"
"ZPB52228";"48,29131";"5,51597";"Grand Est";"Haute-Marne";"LIFFOL-LE-PETIT";"52289";"NE";"HS";"HS";"HS";"NE";"HS";"HS";"INT";"Incident en cours";"2026-09-30 13:53:40";"2026-10-05 19:53:43"
"ZPB60201";"49,53242";"1,80581";"Hauts-de-France";"Oise";"BUICOURT";"60114";"NE";"HS";"HS";"HS";"NE";"HS";"HS";"INT";"Incident en cours";"2026-09-15 14:09:24";"2026-10-04 23:59:59"
"ZPB64002";"43,11805";" -1,26695";"Nouvelle-Aquitaine";"Pyrénées-Atlantiques";"ARNEGUY";"64047";"HS";"OK";"OK";"OK";"NE";"DE";"OK";"INT";"Incident en cours";"2026-10-01 17:28:15";"2026-10-06 23:31:38"
"ZPB84401";"44,20894";"5,27762";"Provence-Alpes-Côte d'Azur";"Vaucluse";"SAINT-LEGER-DU-VENTOUX";"84110";"NE";"HS";"HS";"OK";"NE";"HS";"DE";"INT";"Incident en cours";"2026-06-13 07:00:50";"2026-06-21 23:59:59"
"ZPG09233";"43,05836";"1,73305";"Occitanie";"Ariège";"ARVIGNA";"09022";"NE";"HS";"HS";"OK";"NE";"HS";"DE";"INT";"Incident en cours";"2026-08-31 09:43:54";"2026-09-05 15:44:02"
"ZPG13401";"43,87082";"4,75175";"Provence-Alpes-Côte d'Azur";"Bouches-du-Rhône";"BARBENTANE";"13010";"NE";"HS";"HS";"HS";"NE";"HS";"HS";"INT";"Incident en cours";"2026-09-29 14:36:39";"2026-10-04 20:36:41"
"ZPG17411";"45,16365";" -0,15533";"Nouvelle-Aquitaine";"Charente-Maritime";"SAINT-PIERRE-DU-PALAIS";"17386";"NE";"HS";"HS";"NE";"NE";"HS";"HS";"INT";"Incident en cours";"2026-06-07 04:10:50";"2026-06-12 10:10:52"
"ZPG20430";"41,92407";"8,86191";"Corse";"Corse-du-Sud";"ECCICA-SUARELLA";"2A104";"NE";"HS";"HS";"HS";"NE";"HS";"HS";"INT";"Incident en cours";"2026-08-26 18:58:59";"2026-09-01 00:59:00"
"ZPG20608";"42,22963";"9,03100";"Corse";"Haute-Corse";"CORTE";"2B096";"NE";"HS";"HS";"NE";"NE";"HS";"HS";"INT";"Incident en cours";"2026-09-17 10:59:28";"2026-10-06 23:59:59"
"ZPG25212";"47,16307";"6,60499";"Bourgogne-Franche-Comté";"Doubs";"CONSOLATION-MAISONNETTES";"25161";"NE";"HS";"HS";"OK";"NE";"HS";"DE";"INT";"Incident en cours";"2026-06-10 09:30:52";"2026-06-13 15:30:53"
"ZPG30207";"44,11715";"3,70687";"Occitanie";"Gard";"LES PLANTIERS";"30198";"NE";"HS";"HS";"OK";"NE";"HS";"DE";"INT";"Incident en cours";"2026-08-09 19:03:51";"2026-08-13 01:03:53"
"ZPG38203";"44,87007";"6,09065";"Auvergne-Rhône-Alpes";"Isère";"VALJOUFFREY";"38522";"NE";"HS";"HS";"OK";"NE";"HS";"DE";"INT";"Incident en cours";"2026-07-07 15:17:37";"2026-07-12 21:17:38"
"ZPG41010";"47,35476";"1,30674";"Centre-Val de Loire";"Loir-et-Cher";"MONTHOU-SUR-CHER";"41146";"NE";"HS";"HS";"OK";"NE";"HS";"DE";"INT";"Incident en cours";"2026-10-01 00:18:21";"2026-10-06 06:18:22"
"ZPG41017";"47,46348";"1,17830";"Centre-Val de Loire";"Loir-et-Cher";"CHAUMONT-SUR-LOIRE";"41045";"NE";"HS";"HS";"OK";"NE";"HS";"DE";"INT";"Incident en cours";"2026-09-30 21:58:39";"2026-10-06 03:58:40"
"ZPG67415";"48,48753";"7,39847";"Grand Est";"Bas-Rhin";"ROSHEIM";"67411";"NE";"HS";"HS";"HS";"NE";"HS";"HS";"INT";"Incident en cours";"2026-09-07 11:38:35";"2026-10-03 23:59:59"
"ZPG81208";"43,98067";"1,96974";"Occitanie";"Tarn";"CESTAYROLS";"81067";"NE";"HS";"HS";"HS";"NE";"HS";"HS";"INT";"Incident en cours";"2026-09-30 08:12:41";"2026-10-05 14:12:43"
"ZPG83605";"43,37058";"6,56095";"Provence-Alpes-Côte d'Azur";"Var";"LE PLAN-DE-LA-TOUR";"83094";"NE";"HS";"HS";"HS";"NE";"HS";"HS";"INT";"Incident en cours";"2026-08-26 18:59:01";"2026-09-01 00:59:02"
"ZPG84019";"43,98379";"5,07406";"Provence-Alpes-Côte d'Azur";"Vaucluse";"PERNES-LES-FONTAINES";"84088";"NE";"HS";"HS";"HS";"NE";"HS";"HS";"INT";"Incident en cours";"2026-09-18 22:52:13";"2026-10-30 23:59:59"
"ZPG85204";"46,45621";" -0,69671";"Pays de la Loire";"Vandée";"XANTON-CHASSENON";"85306";"NE";"HS";"HS";"HS";"NE";"HS";"HS";"INT";"Incident en cours";"2026-08-25 05:38:51";"2026-08-30 11:38:54"
"ZPH05002";"44,53573";"5,67984";"Provence-Alpes-Côte d'Azur";"Hautes-Alpes";"LA BEAUME";"05019";"OK";"HS";"HS";"OK";"NE";"DE";"DE";"INT";"Incident en cours";"2026-09-26 15:52:26";"2026-10-15 23:59:59"
"ZPZ26403";"44,50720";"5,26485";"Auvergne-Rhône-Alpes";"Drôme";"GUMIANE";"26147";"HS";"OK";"OK";"OK";"NE";"DE";"OK";"INT";"Incident en cours";"2026-09-21 16:01:35";""
"ZPZ44005";"47,67220";" -1,92365";"Pays de la Loire";"Loire-Atlantique";"MASSERAC";"44092";"HS";"OK";"OK";"OK";"OK";"DE";"OK";"INT";"Incident en cours";"2026-09-24 11:40:35";"2026-10-04 11:40:37"
